session,vehicle,recent_trip_km,trips_today,hours_since_last_charge,tariff_ordinal,pv_today_kwh,hour_of_day,is_weekend,energy_kwh,context_verified
A-01,A,7.142,1,18.0,2.0,0.0,8.316666666666666,0.0,1.7198790322580646,False
A-02,A,38.157,3,3.316666666666667,2.0,0.0,12.233333333333333,0.0,10.247983870967744,True
A-03,A,71.68,1,18.1,2.0,0.0,7.466666666666667,0.0,15.363064516129036,True
A-04,A,34.933,2,7.616666666666666,2.0,0.0,16.683333333333334,0.0,5.159637096774193,True
A-05,A,42.833,1,13.45,2.0,0.0,6.683333333333334,0.0,11.495564516129035,True
A-06,A,37.462,1,47.5,2.0,0.0,7.433333333333334,0.0,9.846975806451614,True
A-07,A,37.688,2,23.916666666666668,2.0,0.0,8.816666666666666,1.0,5.0972580645161285,True
A-08,A,51.368,1,23.616666666666667,2.0,0.0,9.383333333333333,1.0,9.303387096774195,False
A-09,A,32.58,1,21.1,2.0,0.0,7.7,0.0,9.223185483870969,True
A-10,A,51.758,1,22.7,2.0,0.0,7.6,0.0,10.943064516129034,True
A-11,A,12.497,3,0.75,2.0,0.0,9.383333333333333,0.0,2.477338709677421,True
A-12,A,63.486,2,54.266666666666666,2.0,0.0,16.35,0.0,14.21350806451613,False
A-13,A,20.731,2,15.716666666666667,2.0,0.0,10.2,0.0,4.393266129032258,True
A-14,A,64.911,1,20.5,2.0,0.0,7.516666666666667,1.0,7.289435483870968,True
A-15,A,34.9,1,47.583333333333336,2.0,0.0,7.666666666666667,0.0,11.406451612903227,True
A-16,A,22.159,3,2.8666666666666667,2.0,0.0,11.9,0.0,4.473467741935484,True
A-17,A,84.728,2,77.48333333333333,2.0,0.0,18.016666666666666,0.0,9.062782258064518,True
A-18,A,13.61,2,0.8833333333333333,2.0,0.0,7.916666666666667,0.0,7.02209677419355,True
A-19,A,42.879,3,103.78333333333333,2.0,0.0,16.4,0.0,5.79233870967742,False
A-20,A,50.274,3,17.683333333333334,2.0,0.0,10.6,0.0,13.233266129032259,True
A-21,A,56.728,1,19.833333333333332,2.0,0.0,7.866666666666667,0.0,11.45991935483871,True
A-22,A,16.541,2,0.4666666666666667,2.0,0.0,9.05,0.0,3.2169758064516127,True
A-23,A,23.713,5,1.4833333333333334,2.0,0.0,11.2,0.0,6.389395161290325,True
A-24,A,39.876,1,20.1,2.0,0.0,8.166666666666666,0.0,7.0844758064516125,True
A-25,A,102.327,7,57.88333333333333,2.0,0.0,19.266666666666666,1.0,7.681532258064517,True
A-26,A,7.16,1,0.21666666666666667,2.0,0.0,7.733333333333333,0.0,8.323145161290324,True
A-27,A,71.903,1,22.966666666666665,2.0,0.0,7.333333333333333,0.0,14.088750000000001,True
A-28,A,35.022,1,23.9,2.0,0.0,8.216666666666667,0.0,6.291370967741934,True
A-29,A,28.573,2,26.8,2.0,0.0,12.033333333333333,0.0,10.951975806451616,False
A-30,A,79.827,1,17.716666666666665,2.0,0.0,7.083333333333333,0.0,16.476975806451616,False
A-31,A,48.091,2,94.56666666666666,2.0,0.0,7.2,0.0,12.502540322580648,False
A-32,A,36.919,1,45.416666666666664,2.0,0.0,6.083333333333333,0.0,3.662540322580645,True
A-33,A,42.504,4,1.3333333333333333,2.0,0.0,8.033333333333333,0.0,12.324314516129034,True
A-34,A,70.363,1,93.55,2.0,0.0,7.083333333333333,0.0,16.8066935483871,False
A-35,A,66.669,2,46.21666666666667,2.0,0.0,6.85,0.0,15.505645161290323,True
B-01,B,0.799,2,18.0,2.0,0.0,13.916666666666666,0.0,18.797750281214842,False
B-02,B,71.209,1,1000.2,2.0,0.0,9.716666666666667,0.0,8.537682789651292,True
B-03,B,87.811,7,3.55,2.0,0.0,14.833333333333334,0.0,14.046344206974126,True
B-04,B,94.437,5,135.2,2.0,0.0,8.783333333333333,0.0,12.79910011248594,True
B-05,B,25.566,8,1.8166666666666667,2.0,0.0,13.1,0.0,3.652643419572554,True
B-06,B,43.989,0,331.45,2.0,0.0,9.633333333333333,0.0,6.711361079865015,True
B-07,B,72.356,0,18.833333333333332,2.0,0.0,5.933333333333334,0.0,11.462767154105734,True
B-08,B,71.493,0,144.28333333333333,2.0,0.0,8.7,0.0,9.191001124859392,True
B-09,B,111.161,3,628.5833333333334,2.0,0.0,15.0,0.0,19.56985376827896,False
B-10,B,0.0,0,1.8166666666666667,2.0,0.0,0.0,0.0,3.014173228346458,False
B-11,B,112.516,5,391.53333333333336,2.0,0.0,9.166666666666666,0.0,17.802924634420695,True
B-12,B,100.889,1,2179.616666666667,2.0,0.0,6.2,0.0,22.27221597300337,False
B-13,B,139.9,1,357.8333333333333,2.0,0.0,7.816666666666666,0.0,11.56670416197975,True
B-14,B,0.331,1,75.5,2.0,0.0,15.316666666666666,0.0,13.660292463442067,False
B-15,B,133.153,4,524.55,2.0,0.0,17.216666666666665,0.0,26.073340832395953,False
B-16,B,137.135,2,56.43333333333333,2.0,0.0,10.766666666666667,0.0,2.5984251968503935,True
B-17,B,0.248,1,68.1,2.0,0.0,7.75,0.0,19.317435320584924,False
B-18,B,115.206,2,66.8,2.0,0.0,9.7,0.0,19.02047244094488,True
B-19,B,6.905,1,13.35,2.0,0.0,6.1,0.0,4.6029246344206936,False
B-20,B,49.365,1,118.48333333333333,2.0,0.0,6.283333333333333,0.0,11.596400449943758,True
B-21,B,76.445,1,331.03333333333336,2.0,0.0,6.183333333333334,0.0,15.204499437570304,True
B-22,B,101.373,1,210.13333333333333,2.0,0.0,6.066666666666666,0.0,14.506636670416196,True
B-23,B,99.226,6,458.05,2.0,0.0,13.4,0.0,27.14240719910011,False
B-24,B,191.399,1,829.35,2.0,0.0,5.166666666666667,0.0,22.27221597300337,False
B-25,B,128.619,2,527.8666666666667,2.0,0.0,7.95,0.0,28.330258717660282,False
B-26,B,53.984,3,477.6166666666667,2.0,0.0,7.65,0.0,15.946906636670413,False
B-27,B,41.312,2,23.983333333333334,2.0,0.0,9.483333333333333,0.0,6.117435320584927,False
